Depth,Final Loss with Adam,Final Loss with AdamW
6,4.032795054571969,3.599569184439523
