Depth,Final Loss with Adam,Final Loss with AdamW
2,2.421983694418883,2.492007695711576
4,2.4358133490269003,2.353233670577025
