Depth,Final Loss with Adam,Final Loss with AdamW
2,1.7264327918871856,1.7059923868912916
4,1.4638117039814973,1.4593683859476676
6,1.3564021388689678,1.3362407928858049
8,1.2892316839633844,1.3046091072834456
10,1.259255507435554,1.2920323736392534
