hidden_dim,eta_star_parabolic,best_grid_lr,r_squared,a,b,c,window_used,unstable,vertex_in_swept_range,n_dropped,warnings
32,0.033983891,0.056234133,0.995276,0.160385,1.0848,7.89415,8,False,True,0,""
64,0.024180223,0.031622777,0.995120,0.159984,1.19099,8.11872,8,False,True,0,""
128,0.01605074,0.017782794,0.970114,0.176891,1.46183,8.76716,8,False,True,0,""
256,0.011893053,0.01,0.974622,0.223875,1.98434,9.95124,12,False,True,0,""
384,0.0091871386,0.01,0.997554,0.249077,2.33631,10.8113,12,False,True,0,""
448,0.007967603,0.0056234133,0.997614,0.267933,2.5895,11.5352,7,False,True,0,""
512,0.0073472035,0.01,0.992517,0.28473,2.798,12.0196,12,False,True,0,""
