hidden_dim,eta_star_parabolic,best_grid_lr,r_squared,a,b,c,window_used,unstable,vertex_in_swept_range,n_dropped,warnings
32,0.0080586879,0.01,0.967014,0.120261,1.15956,8.49825,17,False,True,0,""
64,0.0043367411,0.01,0.979069,0.128325,1.39633,9.25847,17,False,True,0,""
96,0.0036068778,0.0030199517,0.914505,0.145264,1.6342,9.89059,7,False,True,0,""
128,0.0021486196,0.0056234133,0.930866,0.125656,1.54379,10.1525,17,False,True,0,""
192,0.001298479,0.0030199517,0.912886,0.141158,1.87643,11.5528,16,False,True,0,""
256,0.00080337025,0.0017782794,0.775290,0.0938185,1.33723,10.0334,17,False,True,0,""
512,0.00030669112,0.00056234133,0.909851,0.185353,2.99889,16.4918,8,False,True,0,""
